champion,start_date,end_date,reign_days,reign_matches
Owen Davidson,1968-04-22,1968-04-22,0,0
Ken Rosewall,1968-04-22,1968-05-02,10,5
Rod Laver,1968-05-02,1968-05-27,25,5
Ken Rosewall,1968-05-27,1968-06-12,16,7
Tony Roche,1968-06-12,1968-06-12,0,0
John Newcombe,1968-06-12,1968-06-12,0,0
Rod Laver,1968-06-12,1968-06-17,5,4
Tom Okker,1968-06-17,1968-06-24,7,6
Arthur Ashe,1968-06-24,1968-06-24,0,0
Rod Laver,1968-06-24,1968-07-17,23,11
Richard Gonzalez,1968-07-17,1968-07-22,5,3
Fred Stolle,1968-07-22,1968-08-09,18,1
Andres Gimeno,1968-08-09,1968-08-15,6,2
Ken Rosewall,1968-08-15,1968-08-29,14,3
Tom Okker,1968-08-29,1968-08-29,0,0
Arthur Ashe,1968-08-29,1968-09-14,16,9
Ken Rosewall,1968-09-14,1968-09-14,0,0
Rod Laver,1968-09-14,1968-09-27,13,6
Roy Emerson,1968-09-27,1968-09-27,0,0
Richard Gonzalez,1968-09-27,1968-10-04,7,2
Roy Emerson,1968-10-04,1968-10-04,0,0
Andres Gimeno,1968-10-04,1968-10-04,0,0
Rod Laver,1968-10-04,1968-10-31,27,9
Andres Gimeno,1968-10-31,1968-10-31,0,0
Fred Stolle,1968-10-31,1968-11-11,11,3
Thomaz Koch,1968-11-11,1968-11-11,0,0
Rod Laver,1968-11-11,1968-11-11,0,0
Roy Emerson,1968-11-11,1968-11-15,4,5
Fred Stolle,1968-11-15,1968-11-15,0,0
John Newcombe,1968-11-15,1968-11-15,0,0
Ken Rosewall,1968-11-15,1968-11-28,13,4
Richard Gonzalez,1968-11-28,1968-11-28,0,0
Tony Roche,1968-11-28,1968-12-30,32,3
Fred Stolle,1968-12-30,1969-01-13,14,5
Richard Gonzalez,1969-01-13,1969-01-13,0,0
John Newcombe,1969-01-13,1969-01-13,0,0
Rod Laver,1969-01-13,1969-01-13,0,0
Tony Roche,1969-01-13,1969-01-20,7,5
Rod Laver,1969-01-20,1969-01-29,9,5
Tony Roche,1969-01-29,1969-02-05,7,5
Rod Laver,1969-02-05,1969-02-13,8,5
Tony Roche,1969-02-13,1969-03-03,18,6
Marty Riessen,1969-03-03,1969-03-03,0,0
Rod Laver,1969-03-03,1969-03-24,21,3
Cliff Richey,1969-03-24,1969-03-24,0,0
Roy Emerson,1969-03-24,1969-03-24,0,0
Arthur Ashe,1969-03-24,1969-03-24,0,0
Andres Gimeno,1969-03-24,1969-04-04,11,5
Bob Hewitt,1969-04-04,1969-04-04,0,0
Rod Laver,1969-04-04,1969-05-01,27,9
Roy Emerson,1969-05-01,1969-05-01,0,0
Tom Okker,1969-05-01,1969-05-21,20,10
Rod Laver,1969-05-21,1969-05-22,1,2
Andres Gimeno,1969-05-22,1969-05-22,0,0
Ken Rosewall,1969-05-22,1969-05-22,0,0
Rod Laver,1969-05-22,1969-05-22,0,0
Tony Roche,1969-05-22,1969-05-28,6,4
Ken Rosewall,1969-05-28,1969-05-28,0,0
Rod Laver,1969-05-28,1969-06-16,19,7
John Newcombe,1969-06-16,1969-06-16,0,0
Fred Stolle,1969-06-16,1969-06-23,7,6
John Newcombe,1969-06-23,1969-06-23,0,0
Rod Laver,1969-06-23,1969-09-20,89,29
Raymond Moore,1969-09-20,1969-09-20,0,0
Robert Lutz,1969-09-20,1969-09-20,0,0
Earl Butch Buchholz,1969-09-20,1969-09-20,0,0
Cliff Richey,1969-09-20,1969-09-20,0,0
Richard Gonzalez,1969-09-20,1969-10-03,13,6
Ken Rosewall,1969-10-03,1969-10-06,3,2
Richard Gonzalez,1969-10-06,1969-11-17,42,5
Tom Okker,1969-11-17,1969-11-17,0,0
Rod Laver,1969-11-17,1969-11-24,7,5
Fred Stolle,1969-11-24,1969-11-24,0,0
Nikola Pilic,1969-11-24,1970-01-04,41,5
John Newcombe,1970-01-04,1970-01-04,0,0
Tony Roche,1970-01-04,1970-01-10,6,4
John Newcombe,1970-01-10,1970-01-19,9,5
Dennis Ralston,1970-01-19,1970-01-19,0,0
Arthur Ashe,1970-01-19,1970-02-02,14,5
Cliff Richey,1970-02-02,1970-02-02,0,0
Tony Roche,1970-02-02,1970-02-02,0,0
Rod Laver,1970-02-02,1970-02-12,10,5
Andres Gimeno,1970-02-12,1970-02-12,0,0
Ken Rosewall,1970-02-12,1970-03-04,20,6
Marty Riessen,1970-03-04,1970-03-16,12,4
Bill Bowrey,1970-03-16,1970-03-16,0,0
Richard Gonzalez,1970-03-16,1970-03-16,0,0
Ken Rosewall,1970-03-16,1970-03-16,0,0
Rod Laver,1970-03-16,1970-04-21,36,10
Cliff Drysdale,1970-04-21,1970-04-21,0,0
Roy Emerson,1970-04-21,1970-04-21,0,0
Andres Gimeno,1970-04-21,1970-05-13,22,4
Richard Gonzalez,1970-05-13,1970-07-16,64,4
Roy Emerson,1970-07-16,1970-07-16,0,0
Ken Rosewall,1970-07-16,1970-07-16,0,0
Rod Laver,1970-07-16,1970-08-09,24,9
Tony Roche,1970-08-09,1970-08-17,8,5
Ilie Nastase,1970-08-17,1970-08-17,0,0
Tom Okker,1970-08-17,1970-09-02,16,5
Arthur Ashe,1970-09-02,1970-09-02,0,0
John Newcombe,1970-09-02,1970-09-02,0,0
Ken Rosewall,1970-09-02,1970-10-03,31,7
Zeljko Franulovic,1970-10-03,1970-10-03,0,0
Manuel Santana,1970-10-03,1971-02-14,134,5
Jim Osborne,1971-02-14,1971-02-14,0,0
Zeljko Franulovic,1971-02-14,1971-02-21,7,5
Vladimir Zednik,1971-02-21,1971-02-21,0,0
Cliff Richey,1971-02-21,1971-02-21,0,0
Clark Graebner,1971-02-21,1971-03-01,8,5
Zeljko Franulovic,1971-03-01,1971-03-07,6,5
Ilie Nastase,1971-03-07,1971-04-18,42,15
Pierre Barthes,1971-04-18,1971-04-18,0,0
Roger Taylor,1971-04-18,1971-04-21,3,4
Cliff Drysdale,1971-04-21,1971-04-21,0,0
John Alexander,1971-04-21,1971-04-21,0,0
Ken Rosewall,1971-04-21,1971-04-28,7,8
John Newcombe,1971-04-28,1971-05-03,5,10
Jan Kodes,1971-05-03,1971-05-03,0,0
Rod Laver,1971-05-03,1971-05-15,12,5
Marty Riessen,1971-05-15,1971-05-21,6,5
Frank Froehling,1971-05-21,1971-05-21,0,0
Ilie Nastase,1971-05-21,1971-05-21,0,0
Jan Kodes,1971-05-21,1971-06-14,24,7
Jean Loup Rouyer,1971-06-14,1971-06-14,0,0
Andres Gimeno,1971-06-14,1971-06-21,7,3
John Paish,1971-06-21,1971-06-21,0,0
Stan Smith,1971-06-21,1971-06-21,0,0
John Newcombe,1971-06-21,1971-07-17,26,12
Marty Riessen,1971-07-17,1971-07-17,0,0
Ken Rosewall,1971-07-17,1971-07-24,7,6
John Alexander,1971-07-24,1971-07-24,0,0
Tom Okker,1971-07-24,1971-08-08,15,10
Cliff Drysdale,1971-08-08,1971-08-08,0,0
Ken Rosewall,1971-08-08,1971-08-10,2,5
John Newcombe,1971-08-10,1971-08-27,17,5
Rod Laver,1971-08-27,1971-10-10,44,8
Tom Okker,1971-10-10,1971-10-10,0,0
Ken Rosewall,1971-10-10,1971-10-17,7,5
Cliff Drysdale,1971-10-17,1971-10-17,0,0
Jeff Borowiak,1971-10-17,1971-10-17,0,0
Bob Lutz,1971-10-17,1971-10-18,1,5
Manuel Orantes,1971-10-18,1972-01-22,96,6
Gerald Battrick,1972-01-22,1972-01-22,0,0
Ilie Nastase,1972-01-22,1972-01-22,0,0
Clark Graebner,1972-01-22,1972-01-22,0,0
Cliff Richey,1972-01-22,1972-02-06,15,4
Haroon Rahim,1972-02-06,1972-02-06,0,0
Georges Goven,1972-02-06,1972-02-06,0,0
Richard Gonzalez,1972-02-06,1972-02-14,8,4
Thomaz Koch,1972-02-14,1972-02-14,0,0
Pierre Barthes,1972-02-14,1972-02-14,0,0
Andres Gimeno,1972-02-14,1972-02-20,6,5
Haroon Rahim,1972-02-20,1972-02-20,0,0
Stan Smith,1972-02-20,1972-03-27,36,20
Clark Graebner,1972-03-27,1972-03-27,0,0
Erik Van Dillen,1972-03-27,1972-03-27,0,0
Stan Smith,1972-03-27,1972-04-16,20,6
Adriano Panatta,1972-04-16,1972-04-16,0,0
Frantisek Pala,1972-04-16,1972-04-16,0,0
Ilie Nastase,1972-04-16,1972-04-24,8,10
Jan Kodes,1972-04-24,1972-04-24,0,0
Manuel Orantes,1972-04-24,1972-05-22,28,11
Patrick Proisy,1972-05-22,1972-05-22,0,0
Andres Gimeno,1972-05-22,1972-06-26,35,11
Onny Parun,1972-06-26,1972-06-26,0,0
Jan Kodes,1972-06-26,1972-06-26,0,0
Stan Smith,1972-06-26,1972-08-30,65,7
Arthur Ashe,1972-08-30,1972-08-30,0,0
Ilie Nastase,1972-08-30,1972-09-18,19,17
Roscoe Tanner,1972-09-18,1972-09-18,0,0
Stan Smith,1972-09-18,1972-10-23,35,6
Manuel Orantes,1972-10-23,1972-10-23,0,0
Jan Kodes,1972-10-23,1972-10-30,7,6
Stan Smith,1972-10-30,1972-11-18,19,10
Onny Parun,1972-11-18,1972-11-18,0,0
Tom Gorman,1972-11-18,1972-11-18,0,0
Ilie Nastase,1972-11-18,1973-01-16,59,10
Ove Bengtson,1973-01-16,1973-01-16,0,0
Jaime Fillol,1973-01-16,1973-01-16,0,0
Jimmy Connors,1973-01-16,1973-01-24,8,7
Ilie Nastase,1973-01-24,1973-02-04,11,4
Karl Meiler,1973-02-04,1973-02-04,0,0
Clark Graebner,1973-02-04,1973-02-19,15,5
Frank Froehling,1973-02-19,1973-02-19,0,0
Jimmy Connors,1973-02-19,1973-03-20,29,13
Ilie Nastase,1973-03-20,1973-05-06,47,25
Adriano Panatta,1973-05-06,1973-05-21,15,6
Nikola Pilic,1973-05-21,1973-05-21,0,0
Ilie Nastase,1973-05-21,1973-06-25,35,18
Sandy Mayer,1973-06-25,1973-06-25,0,0
Alex Metreveli,1973-06-25,1973-06-25,0,0
Jan Kodes,1973-06-25,1973-08-29,65,7
John Newcombe,1973-08-29,1973-09-10,12,7
Rod Laver,1973-09-10,1973-10-08,28,2
Barry Phillips Moore,1973-10-08,1973-10-08,0,0
Jan Kodes,1973-10-08,1973-10-08,0,0
Ilie Nastase,1973-10-08,1973-10-21,13,5
Tom Okker,1973-10-21,1973-10-29,8,6
Ilie Nastase,1973-10-29,1973-11-04,6,5
Bjorn Borg,1973-11-04,1973-11-04,0,0
Tom Gorman,1973-11-04,1973-11-17,13,5
Mark Cox,1973-11-17,1973-11-17,0,0
Tom Okker,1973-11-17,1973-11-27,10,5
Jimmy Connors,1973-11-27,1973-12-04,7,5
Tom Okker,1973-12-04,1973-12-04,0,0
Ilie Nastase,1973-12-04,1974-01-14,41,9
Cliff Richey,1974-01-14,1974-01-21,7,4
Alex Metreveli,1974-01-21,1974-01-21,0,0
Arthur Ashe,1974-01-21,1974-01-21,0,0
Rod Laver,1974-01-21,1974-02-11,21,7
Roger Taylor,1974-02-11,1974-02-11,0,0
Arthur Ashe,1974-02-11,1974-02-18,7,5
Bjorn Borg,1974-02-18,1974-03-03,13,5
Arthur Ashe,1974-03-03,1974-03-07,4,5
John Newcombe,1974-03-07,1974-03-31,24,8
Dick Stockton,1974-03-31,1974-04-07,7,5
Bob Lutz,1974-04-07,1974-04-07,0,0
John Newcombe,1974-04-07,1974-04-15,8,10
Jeff Borowiak,1974-04-15,1974-04-22,7,5
Dick Crealy,1974-04-22,1974-04-22,0,0
Stan Smith,1974-04-22,1974-05-08,16,5
John Newcombe,1974-05-08,1974-05-13,5,3
Marty Riessen,1974-05-13,1974-05-13,0,0
Rod Laver,1974-05-13,1974-10-29,169,10
Ilie Nastase,1974-10-29,1974-11-16,18,2
Brian Gottfried,1974-11-16,1974-11-16,0,0
Jimmy Connors,1974-11-16,1974-12-21,35,10
John Newcombe,1974-12-21,1975-03-06,75,6
Dick Stockton,1975-03-06,1975-03-06,0,0
Rod Laver,1975-03-06,1975-03-31,25,17
Ilie Nastase,1975-03-31,1975-03-31,0,0
John Alexander,1975-03-31,1975-04-14,14,6
Bob Lutz,1975-04-14,1975-04-21,7,5
Harold Solomon,1975-04-21,1975-04-21,0,0
Ken Rosewall,1975-04-21,1975-05-12,21,5
Roscoe Tanner,1975-05-12,1975-06-04,23,5
John Andrews,1975-06-04,1975-06-04,0,0
Adriano Panatta,1975-06-04,1975-06-04,0,0
Bjorn Borg,1975-06-04,1975-06-23,19,7
Arthur Ashe,1975-06-23,1975-07-21,28,7
Harold Solomon,1975-07-21,1975-07-21,0,0
Guillermo Vilas,1975-07-21,1975-08-04,14,6
Manuel Orantes,1975-08-04,1975-08-05,1,6
Jaime Fillol,1975-08-05,1975-08-05,0,0
Guillermo Vilas,1975-08-05,1975-08-18,13,6
Bjorn Borg,1975-08-18,1975-08-27,9,6
Jimmy Connors,1975-08-27,1975-08-27,0,0
Manuel Orantes,1975-08-27,1975-10-05,39,7
Vladimir Zednik,1975-10-05,1975-10-05,0,0
Nikola Pilic,1975-10-05,1975-10-12,7,5
Manuel Orantes,1975-10-12,1975-10-12,0,0
Jaime Fillol,1975-10-12,1975-10-12,0,0
Jan Kodes,1975-10-12,1975-10-13,1,6
Bjorn Borg,1975-10-13,1975-10-20,7,6
Ilie Nastase,1975-10-20,1975-10-27,7,2
Arthur Ashe,1975-10-27,1975-10-27,0,0
Tom Okker,1975-10-27,1975-11-06,10,5
Jimmy Connors,1975-11-06,1975-11-06,0,0
Adriano Panatta,1975-11-06,1975-11-10,4,6
Guillermo Vilas,1975-11-10,1975-11-30,20,5
Ilie Nastase,1975-11-30,1976-01-05,36,5
Geoff Masters,1976-01-05,1976-01-05,0,0
Vitas Gerulaitis,1976-01-05,1976-01-05,0,0
Eddie Dibbs,1976-01-05,1976-01-25,20,4
Tom Gorman,1976-01-25,1976-01-26,1,4
Dick Stockton,1976-01-26,1976-01-26,0,0
Jimmy Connors,1976-01-26,1976-02-02,7,5
John Whitlinger,1976-02-02,1976-02-02,0,0
Butch Walts,1976-02-02,1976-02-14,12,5
Vitas Gerulaitis,1976-02-14,1976-02-14,0,0
Haroon Rahim,1976-02-14,1976-02-14,0,0
Ilie Nastase,1976-02-14,1976-03-01,16,11
Bernard Mitton,1976-03-01,1976-03-01,0,0
Haroon Rahim,1976-03-01,1976-03-10,9,5
Raymond Moore,1976-03-10,1976-03-10,0,0
Ilie Nastase,1976-03-10,1976-03-10,0,0
Jimmy Connors,1976-03-10,1976-03-16,6,4
Ilie Nastase,1976-03-16,1976-03-22,6,4
Roscoe Tanner,1976-03-22,1976-03-22,0,0
Jimmy Connors,1976-03-22,1976-04-06,15,6
John Alexander,1976-04-06,1976-04-06,0,0
Vitas Gerulaitis,1976-04-06,1976-04-06,0,0
Harold Solomon,1976-04-06,1976-04-18,12,4
Ken Rosewall,1976-04-18,1976-04-18,0,0
Vitas Gerulaitis,1976-04-18,1976-04-18,0,0
Tony Roche,1976-04-18,1976-04-20,2,4
Brian Gottfried,1976-04-20,1976-04-20,0,0
Ross Case,1976-04-20,1976-04-20,0,0
Jimmy Connors,1976-04-20,1976-06-21,62,14
Roscoe Tanner,1976-06-21,1976-06-21,0,0
Bjorn Borg,1976-06-21,1976-09-01,72,13
Jimmy Connors,1976-09-01,1976-09-20,19,7
Brian Gottfried,1976-09-20,1976-09-27,7,6
Roscoe Tanner,1976-09-27,1976-10-04,7,6
Bob Lutz,1976-10-04,1976-10-04,0,0
Harold Solomon,1976-10-04,1976-10-18,14,6
Eddie Dibbs,1976-10-18,1976-10-18,0,0
Manuel Orantes,1976-10-18,1976-11-01,14,6
Raul Ramirez,1976-11-01,1976-11-07,6,5
Jimmy Connors,1976-11-07,1976-11-07,0,0
Mark Cox,1976-11-07,1976-11-15,8,6
Brian Gottfried,1976-11-15,1976-11-15,0,0
Jimmy Connors,1976-11-15,1977-01-24,70,13
Dick Stockton,1977-01-24,1977-01-31,7,5
Corrado Barazzutti,1977-01-31,1977-01-31,0,0
Vitas Gerulaitis,1977-01-31,1977-01-31,0,0
Tom Okker,1977-01-31,1977-02-07,7,4
Ken Rosewall,1977-02-07,1977-02-07,0,0
Wojtek Fibak,1977-02-07,1977-02-07,0,0
Ilie Nastase,1977-02-07,1977-02-15,8,4
Vitas Gerulaitis,1977-02-15,1977-02-28,13,4
Wojtek Fibak,1977-02-28,1977-03-21,21,4
Dick Stockton,1977-03-21,1977-03-28,7,4
Vitas Gerulaitis,1977-03-28,1977-03-28,0,0
Eddie Dibbs,1977-03-28,1977-04-04,7,4
Bjorn Borg,1977-04-04,1977-08-31,149,18
Dick Stockton,1977-08-31,1977-08-31,0,0
Harold Solomon,1977-08-31,1977-08-31,0,0
Guillermo Vilas,1977-08-31,1977-09-26,26,12
Ilie Nastase,1977-09-26,1977-11-14,49,5
Jimmy Connors,1977-11-14,1978-01-04,51,5
Guillermo Vilas,1978-01-04,1978-01-04,0,0
Bjorn Borg,1978-01-04,1978-01-04,0,0
Jimmy Connors,1978-01-04,1978-01-20,16,5
Bjorn Borg,1978-01-20,1978-01-23,3,2
Roscoe Tanner,1978-01-23,1978-01-23,0,0
Jimmy Connors,1978-01-23,1978-03-20,56,18
Jeff Borowiak,1978-03-20,1978-03-20,0,0
Harold Solomon,1978-03-20,1978-03-20,0,0
Vitas Gerulaitis,1978-03-20,1978-03-20,0,0
Bjorn Borg,1978-03-20,1978-04-03,14,9
Ilie Nastase,1978-04-03,1978-04-03,0,0
Raul Ramirez,1978-04-03,1978-04-03,0,0
Jimmy Connors,1978-04-03,1978-04-24,21,5
Hank Pfister,1978-04-24,1978-04-24,0,0
Corrado Barazzutti,1978-04-24,1978-04-24,0,0
Harold Solomon,1978-04-24,1978-05-08,14,5
Jose Higueras,1978-05-08,1978-05-15,7,5
Guillermo Vilas,1978-05-15,1978-05-29,14,11
Bjorn Borg,1978-05-29,1978-08-29,92,19
Jimmy Connors,1978-08-29,1978-10-31,63,12
Brian Teacher,1978-10-31,1978-10-31,0,0
Bjorn Borg,1978-10-31,1978-11-06,6,5
John McEnroe,1978-11-06,1978-11-28,22,11
Peter Fleming,1978-11-28,1978-12-04,6,5
David Schneider,1978-12-04,1978-12-04,0,0
Tim Gullikson,1978-12-04,1978-12-24,20,5
Kim Warwick,1978-12-24,1978-12-24,0,0
Tim Wilkison,1978-12-24,1978-12-26,2,6
Allan Stone,1978-12-26,1978-12-26,0,0
Guillermo Vilas,1978-12-26,1979-01-15,20,11
Eddie Dibbs,1979-01-15,1979-01-15,0,0
Jimmy Connors,1979-01-15,1979-02-10,26,11
Bjorn Borg,1979-02-10,1979-02-12,2,2
Bruce Manson,1979-02-12,1979-02-12,0,0
Tom Okker,1979-02-12,1979-02-12,0,0
Brian Gottfried,1979-02-12,1979-02-12,0,0
Roscoe Tanner,1979-02-12,1979-02-26,14,6
Arthur Ashe,1979-02-26,1979-02-26,0,0
Jimmy Connors,1979-02-26,1979-03-19,21,5
Tom Gullikson,1979-03-19,1979-03-19,0,0
Roscoe Tanner,1979-03-19,1979-03-19,0,0
John McEnroe,1979-03-19,1979-04-02,14,10
Bjorn Borg,1979-04-02,1979-05-01,29,15
John McEnroe,1979-05-01,1979-06-25,55,9
Tim Gullikson,1979-06-25,1979-06-25,0,0
Roscoe Tanner,1979-06-25,1979-06-25,0,0
Bjorn Borg,1979-06-25,1979-08-28,64,18
Roscoe Tanner,1979-08-28,1979-08-28,0,0
Vitas Gerulaitis,1979-08-28,1979-08-28,0,0
John McEnroe,1979-08-28,1979-09-17,20,7
Peter Fleming,1979-09-17,1979-09-24,7,5
John McEnroe,1979-09-24,1979-11-19,56,16
Butch Walts,1979-11-19,1980-01-14,56,5
Jimmy Connors,1980-01-14,1980-02-19,36,14
Bjorn Borg,1980-02-19,1980-05-05,76,21
Guillermo Vilas,1980-05-05,1980-05-12,7,5
Harold Solomon,1980-05-12,1980-05-26,14,6
Bjorn Borg,1980-05-26,1980-08-11,77,14
Ivan Lendl,1980-08-11,1980-08-18,7,6
Jimmy Connors,1980-08-18,1980-08-18,0,0
Francisco Gonzalez,1980-08-18,1980-08-18,0,0
Harold Solomon,1980-08-18,1980-08-26,8,6
Ivan Lendl,1980-08-26,1980-08-26,0,0
John McEnroe,1980-08-26,1980-09-22,27,7
Johan Kriek,1980-09-22,1980-09-22,0,0
Gene Mayer,1980-09-22,1980-10-13,21,6
Vitas Gerulaitis,1980-10-13,1980-10-13,0,0
John McEnroe,1980-10-13,1980-11-04,22,5
Bjorn Borg,1980-11-04,1980-11-17,13,5
Tomas Smid,1980-11-17,1981-01-19,63,5
John Sadri,1981-01-19,1981-01-19,0,0
Vitas Gerulaitis,1981-01-19,1981-01-19,0,0
Johan Kriek,1981-01-19,1981-01-26,7,5
Mel Purcell,1981-01-26,1981-01-26,0,0
Thierry Tulasne,1981-01-26,1981-01-26,0,0
Roscoe Tanner,1981-01-26,1981-02-02,7,6
Yannick Noah,1981-02-02,1981-02-16,14,5
Robert Vant Hof,1981-02-16,1981-02-16,0,0
Phil Dent,1981-02-16,1981-02-16,0,0
Pat Dupre,1981-02-16,1981-02-16,0,0
Jimmy Connors,1981-02-16,1981-05-11,84,20
Peter Mcnamara,1981-05-11,1981-05-18,7,6
Victor Pecci,1981-05-18,1981-05-18,0,0
Jose Luis Clerc,1981-05-18,1981-05-25,7,6
Ivan Lendl,1981-05-25,1981-05-25,0,0
Bjorn Borg,1981-05-25,1981-06-22,28,7
John McEnroe,1981-06-22,1981-08-10,49,7
Vijay Amritraj,1981-08-10,1981-08-10,0,0
Eliot Teltscher,1981-08-10,1981-08-10,0,0
Ivan Lendl,1981-08-10,1981-09-01,22,6
Vitas Gerulaitis,1981-09-01,1981-09-01,0,0
John McEnroe,1981-09-01,1981-09-21,20,7
Bill Scanlon,1981-09-21,1981-09-21,0,0
Eliot Teltscher,1981-09-21,1981-10-12,21,6
John McEnroe,1981-10-12,1981-10-26,14,5
Vincent Van Patten,1981-10-26,1981-11-02,7,5
Chris Lewis,1981-11-02,1981-11-02,0,0
Tim Gullikson,1981-11-02,1981-11-02,0,0
Mark Edmondson,1981-11-02,1981-11-02,0,0
Van Winitsky,1981-11-02,1981-11-09,7,5
Rod Frawley,1981-11-09,1981-11-09,0,0
Robert Vant Hof,1981-11-09,1981-11-16,7,5
Chris Lewis,1981-11-16,1981-11-16,0,0
Anders Jarryd,1981-11-16,1981-11-16,0,0
Bill Scanlon,1981-11-16,1982-01-25,70,5
Balazs Taroczy,1982-01-25,1982-01-25,0,0
Peter Mcnamara,1982-01-25,1982-01-25,0,0
Ivan Lendl,1982-01-25,1982-02-15,21,4
Yannick Noah,1982-02-15,1982-03-29,42,6
Balazs Taroczy,1982-03-29,1982-04-05,7,5
Ivan Lendl,1982-04-05,1982-04-05,0,0
Guillermo Vilas,1982-04-05,1982-05-24,49,14
Mats Wilander,1982-05-24,1982-06-21,28,7
Brian Teacher,1982-06-21,1982-06-21,0,0
Tim Mayotte,1982-06-21,1982-06-21,0,0
John McEnroe,1982-06-21,1982-06-21,0,0
Jimmy Connors,1982-06-21,1982-08-09,49,12
Vitas Gerulaitis,1982-08-09,1982-08-16,7,6
Steve Denton,1982-08-16,1982-08-16,0,0
Ivan Lendl,1982-08-16,1982-08-31,15,6
Jimmy Connors,1982-08-31,1982-09-20,20,7
John McEnroe,1982-09-20,1983-01-18,120,20
Ivan Lendl,1983-01-18,1983-01-31,13,6
John McEnroe,1983-01-31,1983-02-07,7,5
Roscoe Tanner,1983-02-07,1983-02-07,0,0
Steve Denton,1983-02-07,1983-02-07,0,0
Guillermo Vilas,1983-02-07,1983-03-14,35,10
Gene Mayer,1983-03-14,1983-03-21,7,5
John Alexander,1983-03-21,1983-03-21,0,0
Bill Scanlon,1983-03-21,1983-03-21,0,0
Kevin Curren,1983-03-21,1983-03-21,0,0
Ivan Lendl,1983-03-21,1983-03-28,7,5
Shlomo Glickstein,1983-03-28,1983-03-28,0,0
Mel Purcell,1983-03-28,1983-03-28,0,0
Mats Wilander,1983-03-28,1983-05-09,42,18
Yannick Noah,1983-05-09,1983-08-08,91,12
Peter Fleming,1983-08-08,1983-08-08,0,0
Anders Jarryd,1983-08-08,1983-08-08,0,0
Ivan Lendl,1983-08-08,1983-08-15,7,5
Mats Wilander,1983-08-15,1983-08-30,15,6
Ivan Lendl,1983-08-30,1983-08-30,0,0
Jimmy Connors,1983-08-30,1983-09-12,13,7
Sandy Mayer,1983-09-12,1983-09-12,0,0
Andres Gomez,1983-09-12,1983-10-03,21,5
Mats Wilander,1983-10-03,1983-11-07,35,11
Anders Jarryd,1983-11-07,1983-11-07,0,0
John McEnroe,1983-11-07,1983-11-29,22,5
Mats Wilander,1983-11-29,1984-01-10,42,6
John McEnroe,1984-01-10,1984-05-28,139,34
Ivan Lendl,1984-05-28,1984-06-11,14,7
Leif Shiras,1984-06-11,1984-06-11,0,0
John McEnroe,1984-06-11,1984-08-20,70,18
Vijay Amritraj,1984-08-20,1984-08-20,0,0
Ramesh Krishnan,1984-08-20,1984-08-20,0,0
Paul Mcnamee,1984-08-20,1984-08-20,0,0
Anders Jarryd,1984-08-20,1984-08-20,0,0
Mats Wilander,1984-08-20,1984-08-28,8,6
Pat Cash,1984-08-28,1984-08-28,0,0
Ivan Lendl,1984-08-28,1984-08-28,0,0
John McEnroe,1984-08-28,1985-04-08,223,40
Joakim Nystrom,1985-04-08,1985-04-08,0,0
Tim Mayotte,1985-04-08,1985-04-08,0,0
Ivan Lendl,1985-04-08,1985-05-20,42,9
Henri Leconte,1985-05-20,1985-05-27,7,3
Mats Wilander,1985-05-27,1985-06-24,28,7
Slobodan Zivojinovic,1985-06-24,1985-06-24,0,0
Heinz Gunthardt,1985-06-24,1985-06-24,0,0
Anders Jarryd,1985-06-24,1985-06-24,0,0
Boris Becker,1985-06-24,1985-07-22,28,7
Ivan Lendl,1985-07-22,1985-08-05,14,5
John McEnroe,1985-08-05,1985-08-27,22,11
Ivan Lendl,1985-08-27,1985-11-25,90,27
Stefan Edberg,1985-11-25,1986-01-14,50,6
Johan Kriek,1986-01-14,1986-01-14,0,0
Andres Gomez,1986-01-14,1986-01-14,0,0
Ivan Lendl,1986-01-14,1986-03-24,69,26
Boris Becker,1986-03-24,1986-03-31,7,5
Tim Wilkison,1986-03-31,1986-03-31,0,0
Kevin Curren,1986-03-31,1986-05-05,35,5
Diego Perez,1986-05-05,1986-05-05,0,0
Pablo Arraya,1986-05-05,1986-05-05,0,0
Yannick Noah,1986-05-05,1986-05-12,7,6
Ivan Lendl,1986-05-12,1986-06-23,42,13
Boris Becker,1986-06-23,1986-08-04,42,7
Ivan Lendl,1986-08-04,1986-08-11,7,6
Kevin Curren,1986-08-11,1986-08-11,0,0
Christo Steyn,1986-08-11,1986-08-11,0,0
Stefan Edberg,1986-08-11,1986-08-11,0,0
Boris Becker,1986-08-11,1986-08-26,15,5
Miloslav Mecir,1986-08-26,1986-08-26,0,0
Ivan Lendl,1986-08-26,1986-10-13,48,7
Boris Becker,1986-10-13,1986-12-01,49,15
Ivan Lendl,1986-12-01,1987-01-12,42,5
Pat Cash,1987-01-12,1987-01-12,0,0
Stefan Edberg,1987-01-12,1987-02-16,35,11
Boris Becker,1987-02-16,1987-02-23,7,5
Derrick Rostagno,1987-02-23,1987-02-23,0,0
Jimmy Connors,1987-02-23,1987-02-23,0,0
Ivan Lendl,1987-02-23,1987-02-23,0,0
Miloslav Mecir,1987-02-23,1987-03-16,21,7
John McEnroe,1987-03-16,1987-03-16,0,0
Stefan Edberg,1987-03-16,1987-04-07,22,5
John McEnroe,1987-04-07,1987-04-07,0,0
Miloslav Mecir,1987-04-07,1987-04-13,6,3
Scott Davis,1987-04-13,1987-04-13,0,0
David Pate,1987-04-13,1987-04-13,0,0
Stefan Edberg,1987-04-13,1987-04-20,7,5
Ulf Stenlund,1987-04-20,1987-04-20,0,0
Mats Wilander,1987-04-20,1987-05-25,35,11
Ivan Lendl,1987-05-25,1987-06-22,28,7
Pat Cash,1987-06-22,1987-08-03,42,7
Andre Agassi,1987-08-03,1987-08-03,0,0
Ivan Lendl,1987-08-03,1987-09-28,56,17
Peter Lundgren,1987-09-28,1987-10-05,7,5
Eliot Teltscher,1987-10-05,1987-10-05,0,0
Brad Gilbert,1987-10-05,1987-10-12,7,5
Amos Mansdorf,1987-10-12,1987-10-19,7,5
Jonas Svensson,1987-10-19,1987-11-02,14,5
Stefan Edberg,1987-11-02,1987-12-02,30,5
Mats Wilander,1987-12-02,1987-12-02,0,0
Ivan Lendl,1987-12-02,1988-01-11,40,5
Pat Cash,1988-01-11,1988-01-11,0,0
Mats Wilander,1988-01-11,1988-03-07,56,7
Jay Berger,1988-03-07,1988-03-07,0,0
Andrei Chesnokov,1988-03-07,1988-03-14,7,5
Yannick Noah,1988-03-14,1988-03-14,0,0
Mats Wilander,1988-03-14,1988-04-18,35,7
Claudio Pistolesi,1988-04-18,1988-04-18,0,0
Martin Jaite,1988-04-18,1988-04-18,0,0
Ivan Lendl,1988-04-18,1988-05-23,35,11
Jonas Svensson,1988-05-23,1988-05-23,0,0
Henri Leconte,1988-05-23,1988-05-23,0,0
Mats Wilander,1988-05-23,1988-06-20,28,7
Miloslav Mecir,1988-06-20,1988-06-20,0,0
Stefan Edberg,1988-06-20,1988-08-08,49,7
Mark Woodforde,1988-08-08,1988-08-08,0,0
Kevin Curren,1988-08-08,1988-08-08,0,0
Ivan Lendl,1988-08-08,1988-08-29,21,5
Mats Wilander,1988-08-29,1988-10-24,56,12
Amos Mansdorf,1988-10-24,1988-11-08,15,5
Jakob Hlasek,1988-11-08,1988-11-21,13,10
Henri Leconte,1988-11-21,1988-11-30,9,5
Boris Becker,1988-11-30,1988-11-30,0,0
Stefan Edberg,1988-11-30,1988-11-30,0,0
Ivan Lendl,1988-11-30,1988-11-30,0,0
Boris Becker,1988-11-30,1989-01-16,47,5
Jonas Svensson,1989-01-16,1989-01-16,0,0
Jan Gunnarsson,1989-01-16,1989-01-16,0,0
Miloslav Mecir,1989-01-16,1989-01-16,0,0
Ivan Lendl,1989-01-16,1989-02-28,43,7
John McEnroe,1989-02-28,1989-04-17,48,3
Stefan Edberg,1989-04-17,1989-05-01,14,5
Martin Strelba,1989-05-01,1989-05-01,0,0
Andrei Chesnokov,1989-05-01,1989-05-08,7,5
Jan Gunnarsson,1989-05-08,1989-05-08,0,0
Carl Uwe Steeb,1989-05-08,1989-05-08,0,0
Ivan Lendl,1989-05-08,1989-05-29,21,5
Michael Chang,1989-05-29,1989-06-26,28,7
Tim Mayotte,1989-06-26,1989-06-26,0,0
Stefan Edberg,1989-06-26,1989-06-26,0,0
Boris Becker,1989-06-26,1989-08-14,49,7
Brad Gilbert,1989-08-14,1989-08-28,14,6
Todd Witsken,1989-08-28,1989-08-28,0,0
Yannick Noah,1989-08-28,1989-08-28,0,0
Boris Becker,1989-08-28,1989-11-06,70,12
Jan Gunnarsson,1989-11-06,1989-11-06,0,0
Mats Wilander,1989-11-06,1989-11-06,0,0
Magnus Gustafsson,1989-11-06,1989-11-06,0,0
Ivan Lendl,1989-11-06,1989-11-28,22,5
Stefan Edberg,1989-11-28,1990-01-15,48,5
Ivan Lendl,1990-01-15,1990-02-19,35,17
Boris Becker,1990-02-19,1990-03-05,14,5
Andre Agassi,1990-03-05,1990-03-05,0,0
Stefan Edberg,1990-03-05,1990-03-16,11,5
Andre Agassi,1990-03-16,1990-05-07,52,6
Magnus Gustafsson,1990-05-07,1990-05-07,0,0
Juan Aguilera,1990-05-07,1990-05-14,7,6
Alexander Volkov,1990-05-14,1990-05-14,0,0
Guy Forget,1990-05-14,1990-05-14,0,0
Thomas Muster,1990-05-14,1990-05-21,7,6
Stefan Edberg,1990-05-21,1990-05-28,7,3
Sergi Bruguera,1990-05-28,1990-05-28,0,0
Jonas Svensson,1990-05-28,1990-05-28,0,0
Andre Agassi,1990-05-28,1990-05-28,0,0
Andres Gomez,1990-05-28,1990-06-25,28,7
Jim Grabb,1990-06-25,1990-06-25,0,0
Christian Bergstrom,1990-06-25,1990-06-25,0,0
Stefan Edberg,1990-06-25,1990-08-27,63,21
Alexander Volkov,1990-08-27,1990-08-27,0,0
Todd Witsken,1990-08-27,1990-08-27,0,0
Kevin Curren,1990-08-27,1990-08-27,0,0
David Wheaton,1990-08-27,1990-08-27,0,0
John McEnroe,1990-08-27,1990-08-27,0,0
Pete Sampras,1990-08-27,1990-10-22,56,7
Boris Becker,1990-10-22,1990-10-29,7,5
Stefan Edberg,1990-10-29,1990-11-12,14,5
Andre Agassi,1990-11-12,1991-02-04,84,5
Brad Gilbert,1991-02-04,1991-02-04,0,0
Darren Cahill,1991-02-04,1991-02-11,7,5
Kevin Curren,1991-02-11,1991-02-11,0,0
Brad Gilbert,1991-02-11,1991-02-11,0,0
Ivan Lendl,1991-02-11,1991-02-25,14,10
Omar Camporese,1991-02-25,1991-04-01,35,5
Karel Novacek,1991-04-01,1991-04-01,0,0
Sergi Bruguera,1991-04-01,1991-04-08,7,5
Emilio Sanchez,1991-04-08,1991-04-22,14,5
Alberto Mancini,1991-04-22,1991-04-22,0,0
Sergi Bruguera,1991-04-22,1991-04-29,7,6
Javier Sanchez,1991-04-29,1991-04-29,0,0
Marcelo Filippini,1991-04-29,1991-04-29,0,0
Jordi Arrese,1991-04-29,1991-05-06,7,5
Goran Prpic,1991-05-06,1991-05-06,0,0
Magnus Gustafsson,1991-05-06,1991-05-06,0,0
Karel Novacek,1991-05-06,1991-05-13,7,6
Massimo Cierro,1991-05-13,1991-05-13,0,0
Horacio De La Pena,1991-05-13,1991-05-13,0,0
Alberto Mancini,1991-05-13,1991-05-13,0,0
Emilio Sanchez,1991-05-13,1991-05-20,7,6
Stefan Edberg,1991-05-20,1991-05-27,7,4
Jim Courier,1991-05-27,1991-06-24,28,7
Michael Stich,1991-06-24,1991-07-08,14,7
Karel Novacek,1991-07-08,1991-07-08,0,0
Emilio Sanchez,1991-07-08,1991-07-15,7,5
German Lopez,1991-07-15,1991-07-15,0,0
Alberto Mancini,1991-07-15,1991-07-15,0,0
Michael Stich,1991-07-15,1991-08-26,42,10
Ivan Lendl,1991-08-26,1991-08-26,0,0
Stefan Edberg,1991-08-26,1991-10-21,56,17
Boris Becker,1991-10-21,1991-10-28,7,5
Jonas Svensson,1991-10-28,1991-10-28,0,0
Guy Forget,1991-10-28,1991-11-12,15,5
Ivan Lendl,1991-11-12,1991-11-12,0,0
Pete Sampras,1991-11-12,1992-02-10,90,5
Wayne Ferreira,1992-02-10,1992-02-10,0,0
Malivai Washington,1992-02-10,1992-02-17,7,5
Todd Woodbridge,1992-02-17,1992-02-17,0,0
Jim Grabb,1992-02-17,1992-02-17,0,0
Francisco Clavet,1992-02-17,1992-02-17,0,0
Amos Mansdorf,1992-02-17,1992-02-17,0,0
Pete Sampras,1992-02-17,1992-03-02,14,5
Jakob Hlasek,1992-03-02,1992-03-02,0,0
Francisco Clavet,1992-03-02,1992-03-02,0,0
Michael Chang,1992-03-02,1992-04-06,35,12
Jim Courier,1992-04-06,1992-06-22,77,23
Andrei Olhovskiy,1992-06-22,1992-06-22,0,0
John McEnroe,1992-06-22,1992-06-22,0,0
Andre Agassi,1992-06-22,1992-07-13,21,7
Kevin Curren,1992-07-13,1992-07-13,0,0
Gary Muller,1992-07-13,1992-07-13,0,0
Derrick Rostagno,1992-07-13,1992-07-13,0,0
Henrik Holm,1992-07-13,1992-07-13,0,0
Petr Korda,1992-07-13,1992-07-20,7,5
Wally Masur,1992-07-20,1992-07-20,0,0
Ivan Lendl,1992-07-20,1992-07-20,0,0
Andre Agassi,1992-07-20,1992-08-10,21,5
Jaime Yzaga,1992-08-10,1992-08-10,0,0
Michael Chang,1992-08-10,1992-08-10,0,0
Ivan Lendl,1992-08-10,1992-08-10,0,0
Pete Sampras,1992-08-10,1992-08-31,21,10
Stefan Edberg,1992-08-31,1992-10-05,35,7
Goran Ivanisevic,1992-10-05,1992-10-12,7,5
Ivan Lendl,1992-10-12,1992-11-09,28,5
Mark Woodforde,1992-11-09,1992-11-09,0,0
Richard Krajicek,1992-11-09,1992-11-16,7,5
Goran Ivanisevic,1992-11-16,1992-11-16,0,0
Boris Becker,1992-11-16,1993-01-18,63,10
Anders Jarryd,1993-01-18,1993-01-18,0,0
Todd Woodbridge,1993-01-18,1993-01-18,0,0
Kenneth Carlsen,1993-01-18,1993-01-18,0,0
Michael Stich,1993-01-18,1993-01-18,0,0
Jim Courier,1993-01-18,1993-02-15,28,12
Derrick Rostagno,1993-02-15,1993-02-15,0,0
Mark Woodforde,1993-02-15,1993-02-22,7,5
Andre Agassi,1993-02-22,1993-03-01,7,5
Marc Rosset,1993-03-01,1993-03-01,0,0
Jim Courier,1993-03-01,1993-03-12,11,5
Mark Woodforde,1993-03-12,1993-03-12,0,0
Marcos Ondruska,1993-03-12,1993-03-12,0,0
Malivai Washington,1993-03-12,1993-03-12,0,0
Pete Sampras,1993-03-12,1993-04-26,45,16
Jacco Eltingh,1993-04-26,1993-05-03,7,5
Richard Fromberg,1993-05-03,1993-05-03,0,0
Jaime Yzaga,1993-05-03,1993-05-10,7,5
Karel Novacek,1993-05-10,1993-05-10,0,0
Sergi Bruguera,1993-05-10,1993-05-10,0,0
Jim Courier,1993-05-10,1993-05-24,14,6
Sergi Bruguera,1993-05-24,1993-07-19,56,12
Alberto Berasategui,1993-07-19,1993-07-19,0,0
Magnus Gustafsson,1993-07-19,1993-07-26,7,5
Carlos Costa,1993-07-26,1993-08-02,7,5
Andrei Cherkasov,1993-08-02,1993-08-02,0,0
Sergi Bruguera,1993-08-02,1993-08-23,21,5
Michael Chang,1993-08-23,1993-08-23,0,0
Marc Rosset,1993-08-23,1993-08-30,7,5
Todd Woodbridge,1993-08-30,1993-08-30,0,0
Richard Fromberg,1993-08-30,1993-08-30,0,0
Magnus Larsson,1993-08-30,1993-08-30,0,0
Wally Masur,1993-08-30,1993-08-30,0,0
Cedric Pioline,1993-08-30,1993-08-30,0,0
Pete Sampras,1993-08-30,1993-10-25,56,12
Carlos Costa,1993-10-25,1993-10-25,0,0
Arnaud Boetsch,1993-10-25,1993-10-25,0,0
Goran Ivanisevic,1993-10-25,1993-10-25,0,0
Michael Stich,1993-10-25,1993-11-01,7,5
Stefan Edberg,1993-11-01,1993-11-01,0,0
Goran Ivanisevic,1993-11-01,1993-11-08,7,5
Cedric Pioline,1993-11-08,1993-11-08,0,0
Pete Sampras,1993-11-08,1993-11-15,7,5
Michael Stich,1993-11-15,1993-12-07,22,5
Petr Korda,1993-12-07,1994-01-10,34,4
Pete Sampras,1994-01-10,1994-02-14,35,12
Jacco Eltingh,1994-02-14,1994-02-14,0,0
Jaime Yzaga,1994-02-14,1994-02-14,0,0
Paul Haarhuis,1994-02-14,1994-02-14,0,0
Michael Chang,1994-02-14,1994-02-28,14,5
Alexander Volkov,1994-02-28,1994-02-28,0,0
Aaron Krickstein,1994-02-28,1994-02-28,0,0
Petr Korda,1994-02-28,1994-02-28,0,0
Pete Sampras,1994-02-28,1994-05-16,77,27
Michael Stich,1994-05-16,1994-05-23,7,4
Aaron Krickstein,1994-05-23,1994-05-23,0,0
Hendrik Dreekmann,1994-05-23,1994-05-23,0,0
Magnus Larsson,1994-05-23,1994-05-23,0,0
Alberto Berasategui,1994-05-23,1994-05-23,0,0
Sergi Bruguera,1994-05-23,1994-06-20,28,7
Michael Chang,1994-06-20,1994-06-20,0,0
Pete Sampras,1994-06-20,1994-08-29,70,7
Jaime Yzaga,1994-08-29,1994-08-29,0,0
Karel Novacek,1994-08-29,1994-08-29,0,0
Michael Stich,1994-08-29,1994-08-29,0,0
Andre Agassi,1994-08-29,1994-10-24,56,12
Goran Ivanisevic,1994-10-24,1994-10-24,0,0
Boris Becker,1994-10-24,1994-10-31,7,5
Marc Rosset,1994-10-31,1994-10-31,0,0
Andre Agassi,1994-10-31,1994-11-15,15,5
Pete Sampras,1994-11-15,1994-12-06,21,5
Magnus Larsson,1994-12-06,1995-01-02,27,4
Stefan Edberg,1995-01-02,1995-01-16,14,5
Aaron Krickstein,1995-01-16,1995-01-16,0,0
Andre Agassi,1995-01-16,1995-02-20,35,12
Thomas Enqvist,1995-02-20,1995-03-06,14,5
Andre Agassi,1995-03-06,1995-03-06,0,0
Pete Sampras,1995-03-06,1995-03-13,7,5
Andre Agassi,1995-03-13,1995-04-10,28,6
Jim Courier,1995-04-10,1995-04-17,7,5
Michael Chang,1995-04-17,1995-05-15,28,10
Thomas Muster,1995-05-15,1995-07-10,56,18
Alex Corretja,1995-07-10,1995-07-10,0,0
Jakob Hlasek,1995-07-10,1995-07-10,0,0
Yevgeny Kafelnikov,1995-07-10,1995-07-24,14,5
Mats Wilander,1995-07-24,1995-07-24,0,0
Andre Agassi,1995-07-24,1995-08-28,35,15
Pete Sampras,1995-08-28,1995-10-16,49,7
Wayne Ferreira,1995-10-16,1995-10-23,7,5
Arnaud Boetsch,1995-10-23,1995-10-23,0,0
Malivai Washington,1995-10-23,1995-10-23,0,0
Thomas Muster,1995-10-23,1995-10-30,7,5
Guy Forget,1995-10-30,1995-10-30,0,0
Daniel Vacek,1995-10-30,1995-10-30,0,0
Wayne Ferreira,1995-10-30,1995-10-30,0,0
Boris Becker,1995-10-30,1995-10-30,0,0
Pete Sampras,1995-10-30,1995-11-14,15,5
Wayne Ferreira,1995-11-14,1996-01-15,62,3
Karol Kucera,1996-01-15,1996-01-15,0,0
Marcos Ondruska,1996-01-15,1996-01-15,0,0
Jim Courier,1996-01-15,1996-01-15,0,0
Andre Agassi,1996-01-15,1996-01-15,0,0
Michael Chang,1996-01-15,1996-01-15,0,0
Boris Becker,1996-01-15,1996-02-19,35,7
Goran Ivanisevic,1996-02-19,1996-02-19,0,0
Michael Stich,1996-02-19,1996-02-26,7,5
Guy Forget,1996-02-26,1996-02-26,0,0
Goran Ivanisevic,1996-02-26,1996-03-11,14,10
Paul Haarhuis,1996-03-11,1996-03-11,0,0
Michael Chang,1996-03-11,1996-03-18,7,5
Goran Ivanisevic,1996-03-18,1996-03-18,0,0
Andre Agassi,1996-03-18,1996-04-22,35,6
Albert Costa,1996-04-22,1996-04-22,0,0
Thomas Muster,1996-04-22,1996-04-29,7,5
Carlos Moya,1996-04-29,1996-04-29,0,0
Slava Dosedel,1996-04-29,1996-05-06,7,5
Marcelo Rios,1996-05-06,1996-05-06,0,0
Alex Corretja,1996-05-06,1996-05-06,0,0
Roberto Carretero,1996-05-06,1996-05-13,7,6
Mark Philippoussis,1996-05-13,1996-05-13,0,0
Richard Krajicek,1996-05-13,1996-05-13,0,0
Thomas Muster,1996-05-13,1996-05-20,7,6
Andrea Gaudenzi,1996-05-20,1996-05-20,0,0
Felix Mantilla,1996-05-20,1996-05-20,0,0
Marcelo Rios,1996-05-20,1996-05-27,7,5
Cedric Pioline,1996-05-27,1996-05-27,0,0
Michael Stich,1996-05-27,1996-05-27,0,0
Yevgeny Kafelnikov,1996-05-27,1996-06-17,21,7
Nicklas Kulti,1996-06-17,1996-06-24,7,5
Hicham Arazi,1996-06-24,1996-06-24,0,0
Thomas Johansson,1996-06-24,1996-06-24,0,0
Todd Martin,1996-06-24,1996-06-24,0,0
Malivai Washington,1996-06-24,1996-06-24,0,0
Richard Krajicek,1996-06-24,1996-07-29,35,7
Michael Chang,1996-07-29,1996-08-05,7,5
Andre Agassi,1996-08-05,1996-08-12,7,5
Daniel Nestor,1996-08-12,1996-08-12,0,0
Bohdan Ulihrach,1996-08-12,1996-08-12,0,0
Pete Sampras,1996-08-12,1996-10-21,70,17
Boris Becker,1996-10-21,1996-10-28,7,5
Carlos Moya,1996-10-28,1996-10-28,0,0
Thomas Enqvist,1996-10-28,1996-11-19,22,10
Yevgeny Kafelnikov,1996-11-19,1996-12-03,14,3
Goran Ivanisevic,1996-12-03,1996-12-03,0,0
Boris Becker,1996-12-03,1997-01-13,41,4
Carlos Moya,1997-01-13,1997-01-13,0,0
Pete Sampras,1997-01-13,1997-03-10,56,17
Bohdan Ulihrach,1997-03-10,1997-03-10,0,0
Michael Chang,1997-03-10,1997-03-17,7,5
Sergi Bruguera,1997-03-17,1997-03-17,0,0
Thomas Muster,1997-03-17,1997-04-14,28,6
Cedric Pioline,1997-04-14,1997-04-14,0,0
Albert Costa,1997-04-14,1997-04-21,7,5
Marcelo Rios,1997-04-21,1997-04-28,7,5
Fabrice Santoro,1997-04-28,1997-04-28,0,0
Bohdan Ulihrach,1997-04-28,1997-04-28,0,0
Cedric Pioline,1997-04-28,1997-05-05,7,5
Magnus Gustafsson,1997-05-05,1997-05-05,0,0
Alberto Berasategui,1997-05-05,1997-05-05,0,0
Tommy Haas,1997-05-05,1997-05-05,0,0
Felix Mantilla,1997-05-05,1997-05-05,0,0
Andrei Medvedev,1997-05-05,1997-05-12,7,6
Scott Draper,1997-05-12,1997-05-12,0,0
Goran Ivanisevic,1997-05-12,1997-05-12,0,0
Alex Corretja,1997-05-12,1997-05-26,14,6
Filip Dewulf,1997-05-26,1997-05-26,0,0
Gustavo Kuerten,1997-05-26,1997-06-09,14,7
Felix Mantilla,1997-06-09,1997-07-14,35,10
Albert Portas,1997-07-14,1997-07-14,0,0
Karol Kucera,1997-07-14,1997-07-14,0,0
Alex Corretja,1997-07-14,1997-07-21,7,5
Galo Blanco,1997-07-21,1997-07-21,0,0
Filip Dewulf,1997-07-21,1997-07-28,7,5
John Van Lottum,1997-07-28,1997-07-28,0,0
Slava Dosedel,1997-07-28,1997-08-11,14,5
Yevgeny Kafelnikov,1997-08-11,1997-08-18,7,5
Arnaud Boetsch,1997-08-18,1997-08-18,0,0
Richey Reneberg,1997-08-18,1997-08-18,0,0
Thomas Enqvist,1997-08-18,1997-08-18,0,0
Patrick Rafter,1997-08-18,1997-08-18,0,0
Carlos Moya,1997-08-18,1997-08-25,7,5
Guillaume Raoux,1997-08-25,1997-08-25,0,0
Jeff Tarango,1997-08-25,1997-08-25,0,0
Scott Draper,1997-08-25,1997-08-25,0,0
Jonas Bjorkman,1997-08-25,1997-08-25,0,0
Greg Rusedski,1997-08-25,1997-08-25,0,0
Patrick Rafter,1997-08-25,1997-09-23,29,7
Pete Sampras,1997-09-23,1997-10-20,27,4
Richard Krajicek,1997-10-20,1997-10-20,0,0
Petr Korda,1997-10-20,1997-10-27,7,5
Pete Sampras,1997-10-27,1997-11-10,14,5
Carlos Moya,1997-11-10,1997-11-10,0,0
Patrick Rafter,1997-11-10,1997-11-10,0,0
Pete Sampras,1997-11-10,1998-01-19,70,5
Karol Kucera,1998-01-19,1998-01-19,0,0
Petr Korda,1998-01-19,1998-02-16,28,7
Karol Kucera,1998-02-16,1998-02-16,0,0
Greg Rusedski,1998-02-16,1998-02-23,7,5
Marc Kevin Goellner,1998-02-23,1998-02-23,0,0
Jan Siemerink,1998-02-23,1998-02-23,0,0
Cedric Pioline,1998-02-23,1998-02-23,0,0
Yevgeny Kafelnikov,1998-02-23,1998-03-02,7,5
Thomas Johansson,1998-03-02,1998-03-02,0,0
Jan Siemerink,1998-03-02,1998-03-09,7,5
David Prinosil,1998-03-09,1998-03-09,0,0
Magnus Gustafsson,1998-03-09,1998-04-13,35,5
Dominik Hrbaty,1998-04-13,1998-04-13,0,0
Carlos Moya,1998-04-13,1998-04-13,0,0
Alberto Berasategui,1998-04-13,1998-04-13,0,0
Todd Martin,1998-04-13,1998-04-20,7,6
Andre Agassi,1998-04-20,1998-04-20,0,0
Pete Sampras,1998-04-20,1998-04-20,0,0
Fabrice Santoro,1998-04-20,1998-04-20,0,0
Cedric Pioline,1998-04-20,1998-04-20,0,0
Carlos Moya,1998-04-20,1998-05-04,14,6
Tommy Haas,1998-05-04,1998-05-04,0,0
Fabrice Santoro,1998-05-04,1998-05-04,0,0
Albert Costa,1998-05-04,1998-05-11,7,6
Marcelo Rios,1998-05-11,1998-05-25,14,11
Carlos Moya,1998-05-25,1998-06-08,14,7
Hendrik Dreekmann,1998-06-08,1998-06-08,0,0
Thomas Johansson,1998-06-08,1998-06-08,0,0
Yevgeny Kafelnikov,1998-06-08,1998-06-15,7,5
Steve Campbell,1998-06-15,1998-06-15,0,0
Jan Siemerink,1998-06-15,1998-06-15,0,0
Martin Damm Sr,1998-06-15,1998-06-15,0,0
Patrick Rafter,1998-06-15,1998-06-22,7,5
Tim Henman,1998-06-22,1998-06-22,0,0
Pete Sampras,1998-06-22,1998-08-03,42,7
Andre Agassi,1998-08-03,1998-08-03,0,0
Richard Krajicek,1998-08-03,1998-08-03,0,0
Patrick Rafter,1998-08-03,1998-08-17,14,10
Guillaume Raoux,1998-08-17,1998-08-17,0,0
Karol Kucera,1998-08-17,1998-08-24,7,5
Jeff Tarango,1998-08-24,1998-08-24,0,0
Sjeng Schalken,1998-08-24,1998-08-24,0,0
Paul Haarhuis,1998-08-24,1998-08-24,0,0
Michael Chang,1998-08-24,1998-08-31,7,5
Carlos Moya,1998-08-31,1998-08-31,0,0
Mark Philippoussis,1998-08-31,1998-08-31,0,0
Patrick Rafter,1998-08-31,1998-10-05,35,7
Daniel Vacek,1998-10-05,1998-10-05,0,0
Fabrice Santoro,1998-10-05,1998-10-05,0,0
Thomas Johansson,1998-10-05,1998-10-05,0,0
Tim Henman,1998-10-05,1998-10-12,7,5
Pete Sampras,1998-10-12,1998-10-19,7,5
Tommy Haas,1998-10-19,1998-10-19,0,0
Alex Corretja,1998-10-19,1998-10-26,7,5
Jan Michael Gambill,1998-10-26,1998-10-26,0,0
Pete Sampras,1998-10-26,1998-10-26,0,0
Richard Krajicek,1998-10-26,1998-11-02,7,5
Marc Rosset,1998-11-02,1998-11-02,0,0
Andre Agassi,1998-11-02,1998-11-02,0,0
Todd Martin,1998-11-02,1998-11-02,0,0
Pete Sampras,1998-11-02,1998-11-02,0,0
Greg Rusedski,1998-11-02,1998-11-09,7,5
Thomas Johansson,1998-11-09,1998-11-09,0,0
Todd Martin,1998-11-09,1999-01-18,70,10
Yevgeny Kafelnikov,1999-01-18,1999-02-01,14,7
Dominik Hrbaty,1999-02-01,1999-02-01,0,0
Fabrice Santoro,1999-02-01,1999-02-08,7,5
Jerome Golmard,1999-02-08,1999-02-15,7,5
Wayne Ferreira,1999-02-15,1999-02-15,0,0
Marat Safin,1999-02-15,1999-02-15,0,0
Tim Henman,1999-02-15,1999-02-15,0,0
Yevgeny Kafelnikov,1999-02-15,1999-02-22,7,5
Thomas Johansson,1999-02-22,1999-02-22,0,0
Richard Krajicek,1999-02-22,1999-03-08,14,5
Gustavo Kuerten,1999-03-08,1999-03-08,0,0
Carlos Moya,1999-03-08,1999-03-08,0,0
Mark Philippoussis,1999-03-08,1999-03-15,7,6
Marat Safin,1999-03-15,1999-03-15,0,0
Richard Krajicek,1999-03-15,1999-04-05,21,6
Hendrik Dreekmann,1999-04-05,1999-04-05,0,0
Andre Agassi,1999-04-05,1999-05-10,35,5
Patrick Rafter,1999-05-10,1999-05-10,0,0
Gustavo Kuerten,1999-05-10,1999-05-24,14,6
Andrei Medvedev,1999-05-24,1999-05-24,0,0
Andre Agassi,1999-05-24,1999-06-21,28,7
Pete Sampras,1999-06-21,1999-08-16,56,17
Vincent Spadea,1999-08-16,1999-08-16,0,0
Nicolas Lapentti,1999-08-16,1999-08-30,14,6
Fredrik Jonsson,1999-08-30,1999-08-30,0,0
Slava Dosedel,1999-08-30,1999-08-30,0,0
Todd Martin,1999-08-30,1999-08-30,0,0
Andre Agassi,1999-08-30,1999-09-27,28,7
Tommy Haas,1999-09-27,1999-09-27,0,0
Greg Rusedski,1999-09-27,1999-10-04,7,4
Nicolas Kiefer,1999-10-04,1999-10-04,0,0
Karol Kucera,1999-10-04,1999-10-11,7,5
Roger Federer,1999-10-11,1999-10-11,0,0
Greg Rusedski,1999-10-11,1999-10-25,14,5
Richard Krajicek,1999-10-25,1999-10-25,0,0
Thomas Enqvist,1999-10-25,1999-11-01,7,5
Jim Courier,1999-11-01,1999-11-01,0,0
Marat Safin,1999-11-01,1999-11-01,0,0
Andre Agassi,1999-11-01,1999-11-22,21,5
Pete Sampras,1999-11-22,2000-01-17,56,5
Andre Agassi,2000-01-17,2000-03-06,49,7
Francisco Clavet,2000-03-06,2000-03-06,0,0
Juan Carlos Ferrero,2000-03-06,2000-03-06,0,0
Lleyton Hewitt,2000-03-06,2000-03-13,7,5
Byron Black,2000-03-13,2000-03-13,0,0
Pete Sampras,2000-03-13,2000-03-13,0,0
Thomas Enqvist,2000-03-13,2000-03-13,0,0
Alex Corretja,2000-03-13,2000-03-20,7,6
Jiri Novak,2000-03-20,2000-03-20,0,0
Gianluca Pozzi,2000-03-20,2000-03-20,0,0
Gustavo Kuerten,2000-03-20,2000-03-20,0,0
Pete Sampras,2000-03-20,2000-05-15,56,6
Arnaud Di Pasquale,2000-05-15,2000-05-15,0,0
Andrei Pavel,2000-05-15,2000-05-15,0,0
Gustavo Kuerten,2000-05-15,2000-06-26,42,13
Alexander Popp,2000-06-26,2000-06-26,0,0
Patrick Rafter,2000-06-26,2000-06-26,0,0
Pete Sampras,2000-06-26,2000-07-31,35,7
Marat Safin,2000-07-31,2000-08-07,7,6
Fabrice Santoro,2000-08-07,2000-08-07,0,0
Tim Henman,2000-08-07,2000-08-07,0,0
Thomas Enqvist,2000-08-07,2000-08-14,7,6
Lleyton Hewitt,2000-08-14,2000-08-14,0,0
Gustavo Kuerten,2000-08-14,2000-08-28,14,5
Wayne Arthurs,2000-08-28,2000-08-28,0,0
Thomas Johansson,2000-08-28,2000-08-28,0,0
Todd Martin,2000-08-28,2000-08-28,0,0
Marat Safin,2000-08-28,2000-09-18,21,12
Fabrice Santoro,2000-09-18,2000-09-18,0,0
Karim Alami,2000-09-18,2000-09-18,0,0
Roger Federer,2000-09-18,2000-09-18,0,0
Tommy Haas,2000-09-18,2000-09-18,0,0
Yevgeny Kafelnikov,2000-09-18,2000-10-09,21,6
Greg Rusedski,2000-10-09,2000-10-09,0,0
Fernando Vicente,2000-10-09,2000-10-09,0,0
Tim Henman,2000-10-09,2000-10-23,14,5
Thomas Enqvist,2000-10-23,2000-10-30,7,5
Wayne Ferreira,2000-10-30,2000-11-06,7,6
Mark Philippoussis,2000-11-06,2000-11-06,0,0
Hicham Arazi,2000-11-06,2000-11-06,0,0
Patrick Rafter,2000-11-06,2000-11-06,0,0
Arnaud Clement,2000-11-06,2000-11-13,7,5
Alex Corretja,2000-11-13,2000-11-13,0,0
Marat Safin,2000-11-13,2000-11-27,14,5
Pete Sampras,2000-11-27,2000-11-27,0,0
Gustavo Kuerten,2000-11-27,2001-01-15,49,5
Greg Rusedski,2001-01-15,2001-01-15,0,0
Arnaud Clement,2001-01-15,2001-01-15,0,0
Andre Agassi,2001-01-15,2001-02-26,42,7
Greg Rusedski,2001-02-26,2001-03-05,7,5
Jan Michael Gambill,2001-03-05,2001-03-12,7,5
Yevgeny Kafelnikov,2001-03-12,2001-03-12,0,0
Pete Sampras,2001-03-12,2001-03-12,0,0
Andre Agassi,2001-03-12,2001-04-23,42,12
Nicolas Thomann,2001-04-23,2001-04-23,0,0
Christophe Rochus,2001-04-23,2001-04-23,0,0
Jerome Golmard,2001-04-23,2001-04-23,0,0
Xavier Malisse,2001-04-23,2001-04-23,0,0
Andy Roddick,2001-04-23,2001-05-28,35,10
Lleyton Hewitt,2001-05-28,2001-05-28,0,0
Juan Carlos Ferrero,2001-05-28,2001-05-28,0,0
Gustavo Kuerten,2001-05-28,2001-07-23,56,12
Andre Agassi,2001-07-23,2001-07-30,7,5
Ivan Ljubicic,2001-07-30,2001-07-30,0,0
Tommy Haas,2001-07-30,2001-07-30,0,0
Andrei Pavel,2001-07-30,2001-08-06,7,6
Max Mirnyi,2001-08-06,2001-08-06,0,0
Lleyton Hewitt,2001-08-06,2001-08-06,0,0
Patrick Rafter,2001-08-06,2001-08-06,0,0
Gustavo Kuerten,2001-08-06,2001-08-13,7,6
Patrick Rafter,2001-08-13,2001-08-27,14,5
Pete Sampras,2001-08-27,2001-08-27,0,0
Lleyton Hewitt,2001-08-27,2001-10-15,49,12
Tommy Haas,2001-10-15,2001-10-22,7,5
Andrei Medvedev,2001-10-22,2001-10-22,0,0
Stefan Koubek,2001-10-22,2001-10-22,0,0
Michael Llodra,2001-10-22,2001-10-22,0,0
Rainer Schuettler,2001-10-22,2001-10-22,0,0
Marat Safin,2001-10-22,2001-10-29,7,5
Andreas Vinciguerra,2001-10-29,2001-10-29,0,0
Yevgeny Kafelnikov,2001-10-29,2001-10-29,0,0
Sebastien Grosjean,2001-10-29,2001-11-12,14,5
Lleyton Hewitt,2001-11-12,2002-01-14,63,5
Alberto Martin,2002-01-14,2002-01-14,0,0
Marcelo Rios,2002-01-14,2002-01-14,0,0
Tommy Haas,2002-01-14,2002-01-14,0,0
Marat Safin,2002-01-14,2002-01-14,0,0
Thomas Johansson,2002-01-14,2002-02-11,28,7
Greg Rusedski,2002-02-11,2002-02-11,0,0
Nicolas Escude,2002-02-11,2002-02-11,0,0
Thomas Enqvist,2002-02-11,2002-02-18,7,5
Roger Federer,2002-02-18,2002-02-18,0,0
Nicolas Escude,2002-02-18,2002-03-11,21,5
Tim Henman,2002-03-11,2002-03-11,0,0
Lleyton Hewitt,2002-03-11,2002-03-18,7,6
Roger Federer,2002-03-18,2002-03-18,0,0
Andre Agassi,2002-03-18,2002-04-22,35,6
Pete Sampras,2002-04-22,2002-04-22,0,0
Andy Roddick,2002-04-22,2002-05-06,14,5
Tommy Haas,2002-05-06,2002-05-06,0,0
Andre Agassi,2002-05-06,2002-05-27,21,6
Juan Carlos Ferrero,2002-05-27,2002-05-27,0,0
Albert Costa,2002-05-27,2002-07-08,42,7
Paul Henri Mathieu,2002-07-08,2002-07-08,0,0
Galo Blanco,2002-07-08,2002-07-08,0,0
Ivan Ljubicic,2002-07-08,2002-07-08,0,0
Gaston Gaudio,2002-07-08,2002-07-08,0,0
Alex Corretja,2002-07-08,2002-07-15,7,5
Christophe Rochus,2002-07-15,2002-07-15,0,0
John Van Lottum,2002-07-15,2002-07-15,0,0
Juan Ignacio Chela,2002-07-15,2002-07-22,7,5
Juan Carlos Ferrero,2002-07-22,2002-07-22,0,0
Alex Corretja,2002-07-22,2002-08-12,21,5
James Blake,2002-08-12,2002-08-26,14,5
Lleyton Hewitt,2002-08-26,2002-08-26,0,0
Andre Agassi,2002-08-26,2002-08-26,0,0
Pete Sampras,2002-08-26,2024-12-18,8150,7
